,Name,Authors,Rating,ISBN,PublishYear,RatingDist5,RatingDist4,RatingDist3,RatingDist2,RatingDist1,RatingDistTotal,CountsOfReview,no_pages,genre1,genre2,final genre
0,Ramona's World (Ramona Quimby #8),Beverly Cleary,4.11,0688168167,2020,4367,3611,2166,355,97,10596,9,240,Ramona Quimby (Fictitious character),Juvenile Fiction,Humor/Family
1,Ball Complete Book of Home Preserving,Judi Kingry,4.26,0778801314,2020,4180,2563,1210,223,129,8305,123,448,Cooking (Fruit),Cooking (Vegetables),Self-Help
2,Imogene's Antlers,David Small,4.17,037581048X,2020,3392,2328,1410,241,71,7442,222,32,Children's fiction,"Emotions, fiction",Humor/Family
3,Layer Cake,J.J. Connolly,3.99,071563335X,2020,464,614,306,57,20,1461,16,309,,,Suspense/Mystery
4,Tornado,Betsy Byars,3.93,0064420639,2020,426,378,287,71,28,1190,133,64,Children's fiction,"Dogs, fiction",Suspense/Mystery
5,"The Greek Who Stole Christmas (Diamond Brothers, #7)",Anthony Horowitz,3.89,1406304859,2020,325,290,266,65,11,957,48,86,Nick Diamond (Fictitious character),Private investigators,Suspense/Mystery
6,"Blaze and the Dark Rider (Pony Club Secrets, #2)",Stacy Gregg,4.37,0007245173,2020,369,151,79,20,7,626,18,256,Fiction,Juvenile Fiction,Fantasy/Adventure
7,The Lighthouse Stevensons,Bella Bathurst,3.92,0007204434,2020,135,208,111,22,7,483,1,265,Lighthouses,Design and construction,Biography/Historical
8,Redefining Our Relationships: Guidelines for Responsible Open Relationships,Wendy-O Matik,3.75,1587900157,2020,114,151,104,42,11,422,52,112,,,Self-Help
9,Fear in the Forest (Crowner John Mystery #7),Bernard Knight,4.05,0743449908,2020,144,161,89,11,4,409,19,432,,,Suspense/Mystery
10,"Julie of the Wolves (Julie of the Wolves, #1)",Jean Craighead George,3.81,0064400581,2019,15358,18544,14185,3702,1251,53040,1463,176,Juvenile fiction,Eskimos,Fantasy/Adventure
11,The Art of Loving,Erich Fromm,4.04,0061129739,2019,19395,15862,8971,2487,1217,47932,1337,192,Love,Liefde,Self-Help
12,The Blue Bistro,Elin Hilderbrand,4,0312992629,2019,8312,9993,5396,1122,226,25049,1691,356,Cooks,Restaurateurs,Romance
13,The Little Old Lady Who Was Not Afraid of Anything,Linda   Williams,4.26,0064431835,2019,8699,4579,2837,516,157,16788,580,32,Fear,Juvenile fiction,Humor/Family
14,Squee's Wonderful Big Giant Book of Unspeakable Horrors.,Jhonen Vásquez,4.19,0943151244,2019,4594,2857,1620,381,127,9579,154,146,Comics & graphic novels,"Humor, form, comic strips & cartoons",Horror/Thriller
15,"Breathing Underwater (Breathing Underwater, #1)",Alex Flinn,3.9,0064472574,2019,2606,2690,1819,494,181,7790,927,263,Child abuse,Diaries,Memoir
16,The Painted Drum,Louise Erdrich,3.86,0060515112,2019,1829,3022,1703,417,97,7068,784,304,Fiction,Indians of North America,Poetry/Novel
17,Flu: The Story Of the Great Influenza Pandemic of 1918 and the Search for the Virus That Caused It,Gina Kolata,3.91,0743203984,2019,1850,2537,1525,312,96,6320,334,352,Influenza,History,Biography/Historical
18,In the Year of the Boar and Jackie Robinson,Bette Bao Lord,3.85,0064401758,2019,1537,2049,1456,288,116,5446,421,176,Schools,Chinese Americans,Historical/Fiction
19,Elegance,Kathleen Tessaro,3.41,0060522275,2019,700,1317,1657,609,155,4438,383,390,Fiction,Clothing and dress,Poetry/Novel
20,"A Bear Called Paddington (Paddington, #1)",Michael Bond,4.23,0007174160,2018,35280,22405,12504,2121,682,72992,994,159,Bears,Bears in fiction,Romance
21,The Collected Poems,Sylvia Plath,4.21,0061558893,2018,15973,10647,4962,1132,613,33327,70,384,Poema,Poetry,Poetry/Novel
22,Red Scarf Girl: A Memoir of the Cultural Revolution,Ji-li Jiang,3.73,0061667714,2018,2762,4784,3203,813,382,11944,21,320,"China, juvenile literature","China, history",Biography/Historical
23,Bottomless Belly Button,Dash Shaw,4,1560979151,2018,2115,1643,1103,340,106,5307,252,720,Families,"Comic books, strips",Novel
24,The Contender,Robert Lipsyte,3.63,0064470393,2018,974,1325,1279,379,152,4109,54,240,Juvenile fiction,Boxing,Novel
25,Wildlife,Richard Ford,3.7,0871133482,2018,527,1109,792,203,43,2674,12,177,Fiction,Great Falls (Mont.),Novel
26,Paddington,Michael Bond,4.22,0007236336,2018,1170,928,432,59,16,2605,7,32,Pictorial works,Juvenile fiction,Humor/Family
27,Instant Millionaire Loth,Mark   Fisher,3.67,0931432642,2018,643,611,537,223,121,2135,1,131,Fiction,Millionaires,Self-Help
28,The Conservative Mind: From Burke to Eliot,Russell Kirk,4.13,0895266709,2018,628,425,229,68,29,1379,0,535,History,Philosophy,Non-Fiction
29,The Reluctant Empress,Brigitte Hamann,4.14,3548354793,2018,531,525,234,46,7,1343,79,430,Empresses,Biography,Biography/Historical
30,"Perfect Shadow (Night Angel, #0.5)",Brent Weeks,4.16,0316477400,2017,6078,5278,2666,425,90,14537,24,136,Paranormal fiction,Assassins,Horror/Thriller
31,Anansi the Spider: A Tale from the Ashanti,Gerald McDermott,4.11,0833513605,2017,2859,2007,1322,294,78,6560,1,32,Anansi (Legendary character),Ashanti (African people),Folklore
32,Rick Steves' Europe Through the Back Door,Rick Steves,4.24,1566918081,2017,2342,1792,727,105,59,5025,72,808,Guidebooks,"Europe, guidebooks",Travel
33,"Dereliction of Duty: Lyndon Johnson, Robert McNamara, the Joint Chiefs of Staff, and the Lies That Led to Vietnam",H.R. McMaster,3.75,0060187956,2017,1288,1303,757,393,246,3987,5,480,Politics and government,"Vietnamese Conflict, 1961-1975",Biography/Historical
34,"Bone Cold (The Malones, #1)",Erica Spindler,4.11,0778300919,2017,1482,1499,721,112,42,3856,3,506,"New orleans (la.), fiction","Fiction, mystery & detective, general",Suspense/Mystery
35,Winter Journey,Diane Armstrong,4.05,0732276950,2017,1128,1181,567,119,52,3047,167,467,War crimes,Australians,Poetry/Novel
36,Dirty Deeds,Lorelei James,3.93,,2017,743,815,593,115,28,2294,88,255,,,Romance
37,"The Tarot Cafe, #1",Sang-Sun Park,3.88,1595325557,2017,692,514,474,147,51,1878,86,176,Graphic novels,"Comic books, strips",Fantasy/Adventure
38,"Dramacon, Vol. 2",Svetlana Chmakova,4.23,159816130X,2017,930,542,297,65,26,1860,82,196,Man-woman relationships,Love,Romance
39,Darcy's Passions: Pride and Prejudice Retold Through His Eyes,Regina Jeffers,3.6,,2017,399,455,440,165,82,1541,162,386,,,Romance
40,Shoe Dog,Phil Knight,4.48,,2016,92671,40095,11046,2495,1760,148067,616,402,,,Biography/Historical
41,On Writing Well: The Classic Guide to Writing Nonfiction,William Zinsser,4.26,0060891548,2016,9789,7591,2987,504,114,20985,1407,336,English language,Exposition (Rhetoric),Self-Help
42,Pinkalicious,Victoria Kann,4.06,0060776390,2016,8967,4829,3634,1214,560,19204,817,32,Fiction,Pink,Humor/Family
43,The Magic Mirror of M.C. Escher,Bruno Ernst,4.12,3822837032,2016,6275,3687,2161,636,412,13171,25,116,Composition (Art),"Escher, m. c. (maurits cornelis), 1898-1970",Non-Fiction
44,Nobody's Boy,Hector Malot,4.34,,2016,6964,3957,1613,322,114,12970,214,255,,,Novel
45,The Shell Collector,Anthony Doerr,4.03,0007146981,2016,3264,3678,1813,424,102,9281,26,224,Grief,Interpersonal relations,Novel
46,"Flying Changes (Riding Lessons, #2)",Sara Gruen,3.71,0061241091,2016,1611,2196,1920,548,154,6429,473,371,Mothers and daughters,Fiction,Novel
47,Stop Pretending: What Happened When My Big Sister Went Crazy,Sonya Sones,3.9,0064462188,2016,1606,1512,1173,327,81,4699,503,145,Family problems,Juvenile fiction,Memoir
48,The Butterfly's Burden,Mahmoud Darwish,4.05,1852247886,2016,1659,1386,766,221,80,4112,1,344,Poetry,Middle Eastern,Poetry/Novel
49,Ice,Anna Kavan,3.72,0720612683,2016,997,1267,850,343,156,3613,373,158,Psychological fiction,Abusive Men,Suspense/Mystery
50,If You Give a Mouse a Cookie (If You Give...),Laura Joffe Numeroff,4.26,0060245867,2015,132544,59720,37608,9488,4340,243700,3841,40,Juvenile fiction,Fiction,Humor/Family
51,Harold and the Purple Crayon,Crockett Johnson,4.25,0064430227,2015,66337,31440,19006,4711,2159,123653,117,64,Animals,Children's Books/Baby-Preschool,Humor/Family
52,The Shell Seekers: A Play,Terence Brady,4.15,0573114161,2015,41371,30316,16268,3529,1272,92756,0,89,,,Poetry/Novel
53,"Caps for Sale: A Tale of a Peddler, Some Monkeys and Their Monkey Business",Esphyr Slobodkina,4.15,0064431436,2015,40394,23042,16127,4004,1260,84827,1362,48,Vendedores ambulantes,"Children's stories, American",Humor/Family
54,Rosencrantz & Guildenstern Are Dead (Acting Edition),Tom Stoppard,4.06,0573013381,2015,32011,26254,14196,4275,1547,78283,5,94,English drama,Motion picture plays,Poetry/Novel
55,Gilead,Marilynne Robinson,3.85,1593978227,2015,27199,24114,16323,6623,2967,77226,71,9,award:national_book_critics_circle_award=2004,National Book Critics Circle Award Winner,Poetry/Novel
56,"The Merry Adventures of Robin Hood of Great Renown, in Nottinghamshire",Howard Pyle,4.07,1294737805,2015,22712,20653,12881,2243,500,58989,3,324,,,Fantasy/Adventure
57,The Problem of Pain,C.S. Lewis,4.1,,2015,19113,15615,7527,1828,1185,45268,131,162,,,Self-Help
58,Apology of Socrates,Plato,4.18,0521059585,2015,14633,10993,5292,1115,463,32496,20,128,Greek language,Ancient Philosophy,Biography/Historical
59,The Prodigious Snob,Miles Malleson,3.76,0573013594,2015,2541,3381,2877,740,180,9719,0,78,,,Poetry/Novel
60,Where the Sidewalk Ends: Poems and Drawings,Shel Silverstein,4.3,0060572345,2014,620980,318514,149503,33788,19179,1141964,180,192,Humorous poetry,American Humorous poetry,Poetry/Novel
61,Three Wishes,Liane Moriarty,3.78,0060586133,2014,21661,42985,30841,4978,998,101463,5238,356,Adult children of divorced parents,Birthday parties,Romance
62,Post Office,Charles Bukowski,3.99,0061177571,2014,30576,39233,18523,4313,1368,94013,198,196,Fiction,Postal service,Novel
63,The Last Anniversary,Liane Moriarty,3.75,0060890681,2014,18719,38203,28152,5004,1069,91147,4857,388,Families,Fiction,Romance
64,Giraffes Can't Dance,Giles Andreae,4.31,0439287200,2014,12675,6515,3270,680,251,23391,1,32,Dance,Stories in rhyme,Humor/Family
65,How to Read Literature Like a Professor,Thomas C. Foster,3.65,006000942X,2014,4538,7563,5747,1818,760,20426,1845,314,Criticism,Literature,Self-Help
66,"Henry and Ribsy (Henry Huggins, #3)",Beverly Cleary,3.99,0688213820,2014,4423,4215,3149,503,133,12423,1,205,Parents,Pets,Humor/Family
67,The Well of Loneliness,Radclyffe Hall,3.67,184022455X,2014,3208,3797,3372,1215,440,12032,521,414,Lesbians,Fiction,Poetry/Novel
68,The Atrocity Exhibition,J.G. Ballard,3.81,0007116861,2014,1546,1755,1200,426,156,5083,56,192,Fiction in English,Fiction,Poetry/Novel
69,Parasite Rex: Inside the Bizarre World of Nature's Most Dangerous Creatures,Carl Zimmer,4.19,074320011X,2014,2113,1659,686,156,68,4682,352,306,Parasites,Host-Parasite Interactions,Non-Fiction
70,"The Republic of Thieves (Gentleman Bastard, #3)",Scott Lynch,4.22,0553804693,2013,35245,32350,11652,2077,511,81835,3934,650,Swindlers and swindling,Man-woman relationships,Fantasy/Adventure
71,The Yellow Wallpaper,Charlotte Perkins Gilman,4.12,0860682013,2013,33106,30051,14075,3141,1068,81441,102,63,"Fiction, short stories (single author)","Fiction, psychological",Poetry/Novel
72,Fix-It and Forget-It Cookbook: Feasting with Your Slow Cooker,Dawn J. Ranck,3.88,1561483397,2013,9733,7599,6833,2074,691,26930,107,284,,,Self-Help
73,Pilgrim at Tinker Creek,Annie Dillard,4.11,0061233323,2013,9812,6085,3167,1143,713,20920,149,304,Nature,Biography & Autobiography,Non-Fiction
74,Personal History (Women In History),Katharine Graham,4.14,1842126202,2013,8215,6836,3054,729,347,19181,29,720,"Graham, katharine, 1917-2001","Washington post (washington, d.c. : 1974)",Biography/Historical
75,"Flat Stanley (Flat Stanley, #1)",Jeff Brown,3.84,0060097914,2013,4892,3871,3691,1110,404,13968,739,96,Humorous stories,Art thieves,Humor/Family
76,Batman: Gotham by Gaslight (Elseworlds),Brian Augustyn,3.9,1401211534,2013,3470,3538,2912,642,132,10694,322,112,Fiction,Heroes,Fantasy/Adventure
77,"A Lonely Resurrection (John Rain, #2)",Barry Eisler,4.11,,2013,2910,3656,1397,184,73,8220,244,352,,,Suspense/Mystery
78,"I Spit on Your Graves (Vernon Sullivan, #1)",Boris Vian,3.6,096623460X,2013,1782,2834,2279,774,382,8051,140,177,Women,Murder,Poetry/Novel
79,Hana's Suitcase,Karen Levine,4.17,189676455X,2013,3374,2485,1199,288,121,7467,7,112,Tokyo Holocaust Education Resource Center,Jewish children in the Holocaust,Biography/Historical
80,Where the Wild Things Are,Maurice Sendak,4.22,0060254920,2012,413267,198657,112126,34152,20882,779084,486,48,Caldecott Medal,Dreams,Humor/Family
81,Great Expectations,Charles Dickens,3.78,0890845042,2012,194807,213186,146666,53492,28080,636231,2,587,"Dickens, Charles, 1812-1870",Man-woman relationships,Poetry/Novel
82,"Men Are from Mars, Women Are from Venus",John Gray,3.55,0060574216,2012,39142,44496,44256,17667,9710,155271,3362,368,Communication,Interpersonal relations,Self-Help
83,The Psychopath Test,Jon Ronson,3.94,0330492276,2012,37801,49635,26475,5744,2498,122153,478,292,"Psychology, pathological",Mentally ill,Non-Fiction
84,J.R.R. Tolkien 4-Book Boxed Set: The Hobbit and The Lord of the Rings,J.R.R. Tolkien,4.6,0345538374,2012,75533,22283,6442,1443,920,106621,1548,1728,"Fiction, fantasy, epic","Middle earth (imaginary place), fiction",Fantasy/Adventure
85,The Two Princesses of Bamarre,Gail Carson Levine,4.04,061367233X,2012,26056,21975,14314,3067,946,66358,1,272,Fiction,Juvenile fiction,Fantasy/Adventure
86,Fairest,Gail Carson Levine,3.88,0060734108,2012,19096,21768,15876,3924,912,61576,102,326,Juvenile fiction,Snow White,Fantasy/Adventure
87,God's Smuggler,Brother Andrew,4.36,0800793013,2012,17517,8725,3714,708,420,31084,726,256,Bible,Biography,Biography/Historical
88,A Place Called Here,Cecelia Ahern,3.67,0007198914,2012,7836,9722,8734,3008,1027,30327,1119,485,"Fiction, romance, suspense","Missing persons, fiction",Romance
89,Better: A Surgeon's Notes on Performance,Atul Gawande,4.24,1861976577,2012,11491,11060,3790,501,106,26948,19,288,Internal medicine,Medicine,Non-Fiction
90,"The Wise Man's Fear (The Kingkiller Chronicle, #2)",Patrick Rothfuss,4.57,0756404738,2011,279467,95057,26177,6230,2646,409577,16523,994,The Kingkiller Chronicle,Magicians,Fantasy/Adventure
91,The Four Agreements: A Practical Guide to Personal Freedom - A Toltec Wisdom Book,Miguel Ruiz,4.16,1878424939,2011,89263,54262,29141,9121,4097,185884,27,176,Conduct of life,Conduct of life.,Self-Help
92,"The One Minute Manager - Increase Productivity, Profits And Your Own Prosperity",Kenneth H. Blanchard,3.9,0007107927,2011,33681,31042,22704,6233,2636,96296,55,112,Management,Administración,Self-Help
93,"Perdido Street Station (New Crobuzon, #1)",China Miéville,3.96,0330467190,2011,22653,21835,10612,4074,2197,61371,5,880,Long Now Manual for Civilization,"Fiction, science fiction, general",Fantasy/Adventure
94,"Triptych (Will Trent, #1)",Karin Slaughter,4.13,0099481839,2011,20789,22614,8708,1445,748,54304,76,514,Serial murderers,Fiction,Suspense/Mystery
95,The Invisible Bridge,Julie Orringer,4.19,0141015098,2011,20740,17798,6573,1673,631,47415,18,624,"World War, 1939-1945",Architecture students,Poetry/Novel
96,Bonjour Tristesse,Françoise Sagan,3.64,,2011,5366,9348,8100,2368,593,25775,64,96,,,Poetry/Novel
97,Eloise,Kay Thompson,4.2,0743489764,2011,11715,5903,3907,932,442,22899,10,64,Pictorial works,Juvenile fiction,Humor/Family
98,Pat the Bunny,Dorothy Kunhardt,4.07,0307200477,2011,10803,5107,4708,1406,537,22561,9,24,Rabbits,Juvenile fiction,Humor/Family
99,Lady Windermere's Fan,Oscar Wilde,3.92,0486400786,2011,4963,7817,4735,692,111,18318,27,64,Fiction,Drama,Poetry/Novel
100,Never Let Me Go,Kazuo Ishiguro,3.82,1400078776,2010,128591,160754,104286,33892,11759,439282,23284,288,Fiction,Organ donors,Suspense/Mystery
101,American Psycho,Bret Easton Ellis,3.82,033048477X,2010,73261,78474,45782,17179,10891,225587,75,399,Gothic & Horror,Literary Fiction,Horror/Thriller
102,Breakfast of Champions,Kurt Vonnegut Jr.,4.07,0795302428,2010,82754,84523,40409,8917,2753,219356,3,304,Authorship,Science fiction,Humor/Family
103,"The Passage (The Passage, #1)",Justin Cronin,4.04,0752897853,2010,72124,68372,31189,10072,4721,186478,216,766,FICTION,MODERN & CONTEMPORARY FICTION (POST C 1945),Horror/Thriller
104,Just Kids,Patti Smith,4.15,006621131X,2010,80275,51258,23607,7725,5189,168054,8496,304,Women poets,Chelsea Hotel,Biography/Historical
105,The Black Swan: The Impact of the Highly Improbable,Nassim Nicholas Taleb,3.93,081297381X,2010,28685,29432,16715,5246,2301,82379,173,444,Ereignis,nyt:paperback_nonfiction=2010-05-09,Self-Help
106,Black and Blue,Anna Quindlen,3.88,0385333137,2010,22029,31064,20280,4010,939,78322,1395,288,,,Biography/Historical
107,آئین زندگی,Dale Carnegie,4.14,9646062008,2010,34432,24164,12941,3072,1676,76285,0,338,,,Self-Help
108,"A Fire Upon the Deep (Zones of Thought, #1)",Vernor Vinge,4.14,0812515285,2010,21188,17664,7909,2070,793,49624,1986,613,Fiction,Hugo Award Winner,Fantasy/Adventure
109,Thanks for the Memories,Cecelia Ahern,3.7,0061706248,2010,10200,13694,11789,3584,1095,40362,40,343,Fiction,Transfusion,Romance
110,The Help,Kathryn Stockett,4.46,,2009,1307738,639237,177792,35031,16266,2176064,76040,451,,,Biography/Historical
111,"The Girl Who Played with Fire (Millennium, #2)",Stieg Larsson,4.24,1847245560,2009,357770,312992,108524,19153,6536,804975,253,569,crime fiction,Investigation,Suspense/Mystery
112,"If I Stay (If I Stay, #1)",Gayle Forman,3.94,0525421033,2009,257800,237865,155909,45400,17645,714619,28961,201,Death,nyt:paperback_books=2011-04-09,Romance
113,"The Last Olympian (Percy Jackson and the Olympians, #5)",Rick Riordan,4.5,0739380338,2009,427112,175673,57419,9195,3864,673263,12170,11,Fiction,Greek Mythology,Fantasy/Adventure
114,Siddhartha: An Indian Poem,Hermann Hesse,4.03,0812974786,2009,224637,184588,106416,31968,12972,560581,27,160,Alegorías,Buddha (The concept),Poetry/Novel
115,Marley & Me,John Grogan,4.14,0340977809,2009,188598,150640,76740,16702,6387,439067,30,359,,,Biography/Historical
116,Snow Flower and the Secret Fan,Lisa See,4.07,0812980352,2009,125963,134990,62990,12700,4061,340704,241,277,Childbirth in fiction,Fiction,Biography/Historical
117,Cutting for Stone,Abraham   Verghese,4.29,0375414495,2009,175380,106345,38013,10873,5506,336117,21865,541,literary fiction,saga,Biography/Historical
118,The Unbearable Lightness of Being,Milan Kundera,4.1,0571224385,2009,135893,108141,52949,16190,6190,319363,8391,320,German fiction,"Fiction, general",Poetry/Novel
119,Hotel on the Corner of Bitter and Sweet,Jamie Ford,4.02,0345505336,2009,87069,108878,52263,10765,2877,261852,18243,290,Fiction,Widowers,Romance
120,"The Girl with the Dragon Tattoo (Millennium, #1)",Stieg Larsson,4.14,1847242537,2008,1150763,854499,358814,107659,76694,2548429,97,533,Fiction: Literature,Novels,Suspense/Mystery
121,The Book Thief,Markus Zusak,4.37,186230291X,2008,1009723,506692,180007,46982,24911,1768315,387,584,nyt:young-adult-paperback-monthly=2022-09-04,New York Times bestseller,Suspense/Mystery
122,"Eclipse (Twilight, #3)",Stephenie Meyer,3.69,073935616X,2008,461433,355690,305977,144757,95741,1363598,439,17,New York Times bestseller,Werewolves,Fantasy/Adventure
123,"Breaking Dawn (Twilight, #4)",Stephenie Meyer,3.7,1905654286,2008,483279,317285,258665,136611,116380,1312220,182,768,School stories,Edward Cullen (Fictitious character),Fantasy/Adventure
124,"The Host (The Host, #1)",Stephenie Meyer,3.84,0316068047,2008,325452,256612,176274,70627,49015,877980,37517,620,Betrayal,Fiction,Fantasy/Adventure
125,"City of Ashes (The Mortal Instruments, #2)",Cassandra Clare,4.18,1416914293,2008,326461,239407,119233,26923,8726,720750,22627,453,New York Times bestseller,nyt:series_books=2010-07-10,Fantasy/Adventure
126,"The Battle of the Labyrinth (Percy Jackson and the Olympians, #4)",Rick Riordan,4.4,073936474X,2008,396482,224943,79046,10782,3962,715215,87,9,Greek mythology in fiction,Mythical animals in fiction,Fantasy/Adventure
127,A Walk to Remember,Nicholas Sparks,4.18,1435299787,2008,324095,201313,109717,27796,12762,675683,6,240,,,Romance
128,Lolita,Vladimir Nabokov,3.89,1405503882,2008,233860,211907,135858,46336,25890,653851,17,12,,,Suspense/Mystery
129,One Flew Over the Cuckoo's Nest,Ken Kesey,4.2,0143105027,2008,268138,224600,90259,18700,6955,608652,112,281,Allegories,psychiatric nursing,Suspense/Mystery
130,The Hobbit,J.R.R. Tolkien,4.27,0618968636,2007,1475133,829331,349789,92606,58148,2805007,125,277,Arkenstone,Battle of Five Armies,Fantasy/Adventure
131,"Harry Potter and the Deathly Hallows (Harry Potter, #7)",J.K. Rowling,4.62,1551929767,2007,1960662,532119,156299,33318,22089,2704487,952,607,the Elder Wand,children's books,Fantasy/Adventure
132,The Diary of a Young Girl,Anne Frank,4.14,0141032006,2007,1215389,834642,428266,109934,61272,2649503,104,351,autobiographies,ethnic relations,Biography/Historical
133,"City of Bones (The Mortal Instruments, #1)",Cassandra Clare,4.1,,2007,729302,452358,264266,84963,45251,1576140,391,510,,,Fantasy/Adventure
134,"Eat, Pray, Love: One Woman's Search for Everything Across Italy, India and Indonesia",Elizabeth Gilbert,3.57,1594132666,2007,405291,405700,365369,169310,111563,1457233,121,631,Viajes,Travel,Biography/Historical
135,Brave New World,Aldous Huxley,3.99,0099518473,2007,522881,513168,281651,77744,34573,1430017,466,229,Utopias,Brainwashing,Suspense/Mystery
136,"Eat, Pray, Love",Elizabeth Gilbert,3.56,0143038419,2007,389193,393106,356492,166067,109637,1414495,47852,368,Viajes,Travel,Biography/Historical
137,Water for Elephants,Sara Gruen,4.09,1565125606,2007,522497,494509,233922,57353,19553,1327834,52918,335,fiction,circus performers,Romance
138,A Thousand Splendid Suns,Khaled Hosseini,4.37,0143054406,2007,603681,367549,117237,21395,8264,1118126,121,420,Arranged marriage,Fiction,Biography/Historical
139,Holes (Holes #1),Louis Sachar,3.97,0747589992,2007,336739,328032,207915,51749,19143,943578,5,256,Newbery Medal,Fluch,Humor/Family
140,"Twilight (Twilight, #1)",Stephenie Meyer,3.59,0316015849,2006,1662040,1059392,961688,520599,531054,4734773,94850,501,New York Times bestseller,nyt:series_books=2008-03-15,Fantasy/Adventure
141,"Angels & Demons (Robert Langdon, #1)",Dan Brown,3.9,1416524797,2006,884154,875274,540026,167777,91925,2559156,21462,736,heparin,ambigrams,Suspense/Mystery
142,"Harry Potter and the Half-Blood Prince (Harry Potter, #6)",J.K. Rowling,4.57,,2006,1546466,556485,159960,25317,9896,2298124,28062,652,,,Fantasy/Adventure
143,Romeo and Juliet,William Shakespeare,3.75,1596092211,2006,592554,614131,529119,179034,70130,1984968,0,304,Bibliography,British and irish drama (dramatic works by one author),Romance
144,The Alchemist,Paulo Coelho,3.87,0060887966,2006,739717,570065,387219,161603,96579,1955183,76,192,Translations into Indonesian,Voyages and travels,Self-Help
145,The Lovely Bones,Alice Sebold,3.81,,2006,586072,682502,458823,145577,69395,1942369,361,327,,,Suspense/Mystery
146,"The Giver (The Giver, #1)",Lois Lowry,4.13,0385732554,2006,739329,558893,277526,73091,32692,1681531,57034,208,Social control,Control (Psychology),Humor/Family
147,"New Moon (Twilight, #2)",Stephenie Meyer,3.53,0739337203,2006,417716,339213,346965,186829,118426,1409149,300,15,Vampires,Juvenile fiction,Fantasy/Adventure
148,The Handmaid's Tale,Margaret Atwood,4.11,0307264602,2006,565031,477242,210987,59513,30206,1342979,282,350,brothels,Canadian authors,Suspense/Mystery
149,Holes,Louis Sachar,3.96,0739331760,2006,329776,322993,205474,51141,18893,928277,39,4,Newbery Medal,Fluch,Humor/Family
150,To Kill a Mockingbird,Harper Lee,4.27,0060935464,2005,2234528,1266041,548001,143304,76482,4268356,902,323,fiction,fiction classics,Suspense/Mystery
151,Lord of the Flies,William Golding,3.68,0307281701,2005,586981,729026,532584,197639,116319,2162549,97,6,fiction,relationships,Suspense/Mystery
152,"The Lightning Thief (Percy Jackson and the Olympians, #1)",Rick Riordan,4.25,0307245314,2005,955793,578327,279506,61664,25558,1900848,17,10,Fiction,Greek Mythology,Fantasy/Adventure
153,"The Da Vinci Code (Robert Langdon, #2)",Dan Brown,3.85,0593055055,2005,610068,641405,386959,138469,77024,1853925,15,464,Suspense & Thriller,Spiritual Fiction,Suspense/Mystery
154,Memoirs of a Geisha,Arthur Golden,4.11,1400096898,2005,682314,596547,288062,64958,26143,1658024,3901,503,Social life and customs,Literature,Biography/Historical
155,Fahrenheit 451,Ray Bradbury,3.99,078617627X,2005,571726,567906,311416,84769,37055,1572872,146,5,Mechanical Hound,girl next door,Suspense/Mystery
156,The Time Traveler's Wife,Audrey Niffenegger,3.97,1596921536,2005,588474,495384,293248,95268,49548,1521922,252,518,mutants,love,Fantasy/Adventure
157,Looking for Alaska,John Green,4.03,0525475060,2005,439727,335086,198502,63552,25722,1062589,617,221,Boarding schools,Fiction,Humor/Family
158,Hamlet,Alex Jack,4.02,0970891350,2005,276282,239252,144043,38730,13000,711307,0,160,Authorship,Hamlet (Legendary character),Romance
159,Anne of Green Gables,L.M. Montgomery,4.26,1400130719,2005,357212,198507,96301,23996,11980,687996,0,0,,,Humor/Family
160,Little Women,Louisa May Alcott,4.08,0451529308,2004,676930,514495,288428,79377,36577,1595807,19521,449,Romans,Jeunes filles,Humor/Family
161,Life of Pi,Yann Martel,3.91,0156030209,2004,440730,454946,254348,84685,44888,1279597,670,401,Teenage boys,Zoo animals,Fantasy/Adventure
162,The Curious Incident of the Dog in the Night-Time,Mark Haddon,3.88,1400032717,2004,340884,438699,262864,69144,25833,1137424,35881,226,"England, fiction","Fiction, mystery & detective, general",Suspense/Mystery
163,"Frankenstein, or the Modern Prometheus",Mary Wollstonecraft Shelley,3.8,0743487583,2004,329447,379804,276633,86270,34623,1106777,786,324,Frankenstein (Fictitious character),Frankenstein's monster (Fictitious character),Horror/Thriller
164,My Sister's Keeper,Jodi Picoult,4.08,1741143470,2004,420765,367268,185806,48159,19790,1041788,11,423,,,Suspense/Mystery
165,A Tale of Two Cities,Charles Dickens,3.84,0743487605,2004,266325,250184,171934,61423,32083,781949,28,496,British and irish fiction (fictional works by one author),"France, history, revolution, 1789-1799, fiction",Biography/Historical
166,"Tuesdays with Morrie: An Old Man, a Young Man, and Life's Greatest Lesson",Mitch Albom,4.11,0739311123,2004,329411,246867,129943,36493,14197,756911,15,4,memoir,ALS,Self-Help
167,Anna Karenina,Leo Tolstoy,4.05,0143035002,2004,261170,207053,112496,34470,16361,631550,1873,838,Fiction,Adultery,Romance
168,Wicked: The Life and Times of the Wicked Witch of the West,Gregory Maguire,3.53,0060745908,2004,144592,164960,140685,69315,42683,562235,459,409,Oz (Imaginary place),Witches,Fantasy/Adventure
169,Divine Secrets of the Ya-Ya Sisterhood,Rebecca Wells,3.82,006075995X,2004,159405,173321,128217,36933,16578,514454,3838,383,Fiction,Literature,Humor/Family
170,Harry Potter and the Order of the Phoenix,J.K. Rowling,4.5,1855496828,2003,1503645,607432,212676,37130,12561,2373444,16,30,Children's Books/Ages 9-12 Fiction,Witches and warlocks,Fantasy/Adventure
171,The Kite Runner,Khaled Hosseini,4.3,1573222453,2003,1199815,752007,260341,68225,38851,2319239,271,324,New York Times bestseller,nyt:trade_fiction_paperback=2008-10-26,Biography/Historical
172,Jane Eyre,Charlotte Brontë,4.12,0142437204,2003,707364,478593,247040,74123,41409,1548529,28553,532,Man-woman relationships,Carnegie Endowment for International Peace,Romance
173,"Eragon (The Inheritance Cycle, #1)",Christopher Paolini,3.9,0375826688,2003,521974,413799,285112,102553,57649,1381087,544,509,Fantasy,Juvenile fiction,Fantasy/Adventure
174,The Odyssey,Homer,3.76,0553213997,2003,254472,264349,207343,72513,33191,831868,23,542,great_books_of_the_western_world,Odysseus (Greek mythology),Fantasy/Adventure
175,The Scarlet Letter,Nathaniel Hawthorne,3.4,0142437263,2003,123915,201546,217751,93880,41267,678359,10527,279,Fiction,Puritans,Biography/Historical
176,"Confessions of a Shopaholic (Shopaholic, #1)",Sophie Kinsella,3.64,0440241413,2003,171526,189264,172553,61310,33331,627984,10128,368,Fiction,Young women,Romance
177,Girl with a Pearl Earring,Tracy Chevalier,3.88,0452284937,2003,184186,226792,142796,33032,15375,602181,128,233,Social life and customs,Fiction,Biography/Historical
178,Middlesex,Jeffrey Eugenides,4,0312422156,2003,226695,191208,97845,32704,20373,568825,19666,529,Intersexuality,Greek Americans,Biography/Historical
179,The Five People You Meet in Heaven,Mitch Albom,3.93,1401308589,2003,201364,183208,122270,37164,13885,557891,16745,196,Rainforests,prisoners of war,Fantasy/Adventure
180,"A Game of Thrones (A Song of Ice and Fire, #1)",George R.R. Martin,4.45,1892065290,2002,1202034,527881,152189,40176,30726,1953006,3,776,Action & Adventure,American Fantasy fiction,Fantasy/Adventure
181,Of Mice and Men,John Steinbeck,3.87,0142000671,2002,601885,651494,421129,128601,54005,1857114,25882,103,contemporary fiction,literary fiction,Biography/Historical
182,Charlotte's Web,E.B. White,4.17,0807208523,2002,632168,419192,226335,49878,24975,1352548,62,4,Farm life,Animals,Humor/Family
183,A Wrinkle in Time: With Related Readings (A Wrinkle in Time Quintet #1),Madeleine L'Engle,4,0821925326,2002,412718,317628,193467,60867,32628,1017308,6,250,Love,sci-fi,Fantasy/Adventure
184,"A Clash of Kings  (A Song of Ice and Fire, #2)",George R.R. Martin,4.41,0553381695,2002,407897,269146,67867,9071,2919,756900,16641,969,Fantasy fiction,Fiction,Fantasy/Adventure
185,"A Storm of Swords (A Song of Ice and Fire, #3)",George R.R. Martin,4.54,0553381709,2002,415910,181468,44538,6175,2377,650468,583,973,New York Times bestseller,nyt:mass_market_paperback=2011-06-04,Fantasy/Adventure
186,"The Pillars of the Earth (Kingsbridge, #1)",Ken Follett,4.31,,2002,338238,181026,68854,20166,11378,619662,25820,976,,,Biography/Historical
187,"The Chronicles of Narnia (Chronicles of Narnia, #1-7)",C.S. Lewis,4.26,,2002,240937,159454,70762,14255,4677,490085,8220,767,,,Fantasy/Adventure
188,Atonement,Ian McEwan,3.9,0786239212,2002,140800,156491,87645,28337,12627,425900,13,613,historical romance,Dunkirk Evacuation,Biography/Historical
189,The Magician's Nephew (The Chronicles of Narnia #1),C.S. Lewis,4.04,,2002,150317,136830,86087,17781,4184,395199,16,221,,,Fantasy/Adventure
190,"Harry Potter and the Philosopher's Stone (Harry Potter, #1)",J.K. Rowling,4.47,0747554560,2001,4299044,1522634,570548,131041,108954,6632221,82,224,Ghosts,Monsters,Fantasy/Adventure
191,The Little Prince & Letter to a Hostage,Antoine de Saint-Exupéry,4.31,0141185627,2001,702931,325251,157736,45940,22218,1254076,48,160,,,Poetry/Novel
192,The Secret Life of Bees,Sue Monk Kidd,4.05,1565115392,2001,412425,400047,205161,49038,18799,1085470,169,8,Teenage girls,Fiction,Biography/Historical
193,American Gods,Neil Gaiman,4.11,0060010606,2001,309006,246921,116082,35044,14340,721393,169,635,science fiction,fantasy fiction,Fantasy/Adventure
194,Good Omens,Terry Pratchett,4.25,0441008615,2001,257762,161286,70761,17693,8247,515749,88,368,End of the world,Humorous,Fantasy/Adventure
195,"Dead Until Dark (Sookie Stackhouse, #1)",Charlaine Harris,3.96,0441008534,2001,179874,160916,104410,27936,12595,485731,14801,292,Vampires,Cocktail servers,Horror/Thriller
196,Speak,Laurie Halse Anderson,4.02,014131088X,2001,186234,158098,92984,25720,10713,473749,18321,202,Children's fiction,"Interpersonal relations, fiction",Biography/Historical
197,"One For The Money (Stephanie Plum, #1)",Janet Evanovich,4.04,0061009059,2001,190459,153134,92112,23027,11262,469994,90,287,Women detectives,Detective and mystery stories,Suspense/Mystery
198,Pet Sematary,Stephen King,3.99,0613592476,2001,142073,142196,89459,20308,5664,399700,7,562,,,Horror/Thriller
199,Treasure Island,Robert Louis Stevenson,3.83,0753453800,2001,106542,140643,103624,23087,6826,380722,6859,311,Fiction,Treasure Island (Imaginary place),Fantasy/Adventure
200,Pride and Prejudice,Jane Austen,4.26,,2000,1514553,771789,354619,108247,72300,2821508,42165,279,,,Romance
201,"Harry Potter and the Chamber of Secrets (Harry Potter, #2)",J.K. Rowling,4.42,0786222735,2000,1543545,721148,293286,50048,12269,2620296,15,464,Fantasy fiction,school stories,Fantasy/Adventure
202,"Harry Potter and the Goblet of Fire (Harry Potter, #4)",J.K. Rowling,4.56,0807282588,2000,1662389,620163,181600,24849,9855,2498856,12,20,orphans,foster homes,Fantasy/Adventure
203,Dracula,Bram Stoker,3.99,0679602291,2000,325865,312646,188737,46109,16550,889907,16,418,Count Dracula (Fictitious character),"Dracula, Conde (Personaje literario)",Horror/Thriller
204,The Tipping Point: How Little Things Can Make a Big Difference,Malcolm Gladwell,3.97,0316316962,2000,233391,243680,131401,31981,19377,659830,135,279,Contagion (Social psychology),Business,Self-Help
205,Me Talk Pretty One Day,David Sedaris,3.99,0316777722,2000,234286,205768,107535,33251,22478,603318,185,272,David Sedaris,teens,Humor/Family
206,Cancion de Navidad / A Christmas Carol,Charles Dickens,4.06,8495311151,2000,235184,204210,118842,27504,9488,595228,1,123,Ghost stories,Readers,Biography/Historical
207,The Firm,Robin Waterfield,4.02,0582418275,2000,187714,211261,119082,21410,5713,545180,3388,76,Fiction,Organized crime,Suspense/Mystery
208,"The Annotated Alice: Alice's Adventures In Wonderland; And, Through The Looking Glass",Lewis Carroll,4.07,0713994177,2000,178244,150542,89221,20441,6401,444849,0,334,,,Fantasy/Adventure
209,"Rich Dad, Poor Dad: What the Rich Teach Their Kids about Money--That the Poor and Middle Class Do Not!",Robert T. Kiyosaki,4.07,0964385619,2000,145880,106334,57980,18214,9354,337762,25,184,Rich people,Personal Finance,Self-Help
210,"The Fellowship of the Ring (The Lord of the Rings, #1)",J.R.R. Tolkien,4.36,0618002227,1999,1322790,596210,237674,65454,46095,2268223,467,407,Elves,Dwarves,Fantasy/Adventure
211,Memoirs Of A Geisha,Arthur Golden,4.12,0754012484,1999,694410,604120,290819,65476,26378,1681203,0,656,"Japan, fiction","Fiction, historical",Biography/Historical
212,"The Golden Compass (His Dark Materials, #1)",Philip Pullman,3.98,0345916409,1999,491145,390609,235705,73866,43518,1234843,55,351,Political theology,Polar bears,Fantasy/Adventure
213,The Perks of Being a Wallflower,Stephen Chbosky,4.2,0613237528,1999,581218,379244,182140,48951,18793,1210346,35,224,Young adult fiction,Bildungsroman,Biography/Historical
214,Gone with the Wind,Margaret Mitchell,4.3,0446675539,1999,582952,267823,130052,37665,23239,1041731,15459,1037,survival,slavery,Romance
215,"Bridget Jones's Diary (Bridget Jones, #1)",Helen Fielding,3.77,014028009X,1999,255445,290416,220400,65411,32990,864662,7479,288,single women,Diary fiction,Romance
216,The Poisonwood Bible,Barbara Kingsolver,4.06,0060930535,1999,280813,199339,102080,36289,22697,641218,839,546,Missionaries,Fiction,Biography/Historical
217,Angela's Ashes,Frank McCourt,4.11,068487217X,1999,215191,187664,85910,21754,9778,520297,346,460,Irish Americans,Irlandeses-americanos,Biography/Historical
218,Love in the Time of Cholera,Gabriel García Márquez,3.92,0140281649,1999,139293,133151,77462,27746,13007,390659,40,368,Fiction,Vida familiar,Romance
219,Atlas Shrugged,Ayn Rand,3.69,0452011876,1999,123585,90951,61997,31732,35341,343606,14821,1168,Fiction,Capitalism in fiction,Biography/Historical
220,"Outlander (Outlander, #1)",Diana Gabaldon,4.23,0385319959,1998,431678,198975,96266,36246,27142,790307,680,627,Man-woman relationships,Historical fiction,Romance
221,Into Thin Air,Jon Krakauer,4.17,0965078493,1998,166041,137301,52607,11357,8543,375849,0,410,History,Adventure Consultants. Guided Expedition (1996 : Mount Everest),Biography/Historical
222,Ella Enchanted (Ella Enchanted #1),Gail Carson Levine,3.98,0590920685,1998,141593,119831,84933,21098,7143,374598,8850,232,fiction,Juvenile Fiction - Fairy Tales & Folklore - Adaptations,Fantasy/Adventure
223,A Walk in the Woods,Bill Bryson,4.06,0553455923,1998,124872,132898,63584,13196,4859,339409,130,10,Description and travel,Natural history,Biography/Historical
224,"Prince Caspian (Chronicles of Narnia, #4)",C.S. Lewis,3.98,0261670492,1998,110638,124014,81064,14408,2898,333022,37,190,Fantasy,Narnia (Imaginary place),Fantasy/Adventure
225,Under The Tuscan Sun - At Home In Italy,Frances Mayes,3.76,0767902807,1998,90287,103609,80428,24151,12446,310921,172,291,Social life and customs,Italian Cooking,Biography/Historical
226,She's Come Undone,Wally Lamb,3.88,0671021001,1998,105343,104061,66012,21843,11071,308330,9145,465,Self-perception,Fiction,Biography/Historical
227,"Killing Floor (Jack Reacher, #1)",Lee Child,4.05,0515123447,1998,87608,93155,45158,9393,3666,238980,122,407,Fiction,Private investigators,Suspense/Mystery
228,Where the Heart Is,Billie Letts,4.02,0446672211,1998,81927,86867,51145,9432,2221,231592,3431,376,Fiction,Friendship,Humor/Family
229,The Trial,Franz Kafka,3.97,0140186220,1998,79268,80324,43518,12853,5238,221201,12,178,Fiction,Alegorical fiction,Suspense/Mystery
230,Into the Wild,Jon Krakauer,3.98,0385486804,1997,301990,308997,162842,42497,23204,839530,18404,207,Adventure and adventurers,Travelers,Biography/Historical
231,Adventures of Tom Sawyer,Mark Twain,3.91,0816725470,1997,239744,268938,173278,41997,15724,739681,6,314,The Adventures of Tom Sawyer,Mark Twain,Humor/Family
232,Cien años de soledad,Gabriel García Márquez,4.08,9580439877,1997,350049,196519,108247,45315,31723,731853,1,488,Spanish language books,Fiction,Biography/Historical
233,Neverwhere,Neil Gaiman,4.17,0380973634,1997,175707,152161,63061,13400,4882,409211,258,248,Fiction,Underground areas,Fantasy/Adventure
234,Into Thin Air: A Personal Account Of The Everest Disaster,Jon Krakauer,4.18,033371752X,1997,170124,139716,53221,11452,8576,383089,8,293,Mountaineering accidents,"Everest, mount (china and nepal)",Biography/Historical
235,A Brief History of Time: From the Big Bang to Black Holes,Stephen Hawking,4.18,0553173251,1997,124401,105817,43256,8695,4311,286480,6,224,Espace et temps,Cosmologia,Self-Help
236,Naked,David Sedaris,4.09,0316779490,1997,88498,91129,41149,8068,3294,232138,46,291,Social life and customs,Humor,Humor/Family
237,The God of Small Things,Arundhati Roy,3.94,0060977493,1997,83725,77853,45865,15440,7084,229967,732,321,Literary Fiction,Women's Fiction,Biography/Historical
238,Batman: Year One,Frank Miller,4.22,0930289331,1997,100325,62195,26260,6608,5674,201062,41,104,"Batman (fictitious character), fiction","Fiction, fantasy, general",Fantasy/Adventure
239,"Wizard and Glass (The Dark Tower, #4)",Stephen King,4.25,0340696613,1997,77277,52142,22592,5203,1510,158724,22,687,crystal balls,parallel universes,Fantasy/Adventure
240,The Notebook,Nicholas Sparks,4.1,0446520802,1996,608761,349967,201874,71238,46056,1277896,259,214,Man-woman relationships,Fiction,Romance
241,Wuthering Heights,Emily Brontë,3.85,0140434186,1996,456212,391895,267188,102963,56937,1275195,114,335,British and irish fiction (fictional works by one author),Children's fiction,Romance
242,Bridget Jones's Diary,Helen Fielding,3.78,0330332767,1996,257799,292224,221500,65657,33118,870298,7,307,single women,Diary fiction,Romance
243,The Count of Monte Cristo,Alexandre Dumas,4.25,,1996,370988,215808,102050,25341,11885,726072,11,1462,,,Fantasy/Adventure
244,Emma,Jane Austen,4.01,9626340959,1996,234700,222685,124620,31523,14281,627809,21,4,,,Romance
245,Una Cancion de Navidad = A Christmas Carol,Charles Dickens,4.05,0964996901,1996,230648,200873,117085,26946,9237,584789,0,2,Ghost stories,Readers,Biography/Historical
246,Hatchet,Gary Paulsen,3.73,0689808828,1996,88580,95020,73036,26698,14339,297673,30,195,Divorce,plane crash,Adventure
247,"The Ultimate Hitchhiker's Guide to the Galaxy (Hitchhiker's Guide, #1-5 + short story)",Douglas Adams,4.36,389687070X,1996,159902,77037,30763,8104,3871,279677,3,815,,,Fantasy/Adventure
248,The Illustrated A Brief History of Time,Stephen Hawking,4.17,0553103741,1996,119388,102401,41930,8421,4107,276247,64,256,Espace et temps,Cosmologia,Self-Help
249,The Prophet,Kahlil Gibran,4.23,0394404289,1996,113591,63215,32212,8977,4023,222018,660,96,American Prose poems,Lebanese,Poetry/Novel
250,Sense And Sensibility,Jane Austen,4.07,0140239316,1995,380833,325560,166659,40409,21688,935149,0,384,"Fiction, Romance, Historical, Regency","Inheritance and succession, fiction",Romance
251,The Story of Art,E.H. Gombrich,3.92,071483355X,1995,129602,69239,50841,20786,20358,290826,581,688,"Art, history",Art criticism,Biography/Historical
252,"Assassin's Apprentice (Farseer Trilogy, #1)",Robin Hobb,4.16,0002246066,1995,96003,82286,34453,8064,3383,224189,14,374,"Fiction, fantasy, general",Assassins,Fantasy/Adventure
253,Love You Forever,Robert Munsch,4.36,0920668372,1995,125649,34445,19696,7402,7184,194376,4871,32,Juvenile fiction,Children's Books/Baby-Preschool,Humor/Family
254,"20,000 Leagues Under the Sea",Jules Verne,3.89,0812550927,1995,56623,69558,47663,10969,2838,187651,119,320,Children's fiction,"Adventure and adventurers, fiction",Fantasy/Adventure
255,High Fidelity,Nick Hornby,3.94,1573220167,1995,50054,71049,38903,8071,1944,170021,34,323,Sound recordings,Man-woman relationships,Humor/Family
256,Walden (with Ralph Waldo Emerson's Essay on Thoreau),Henry David Thoreau,3.79,046087635X,1995,48292,48860,34689,12928,6459,151228,14,320,Biography,Homes and haunts,Self-Help
257,The Chamber,John Grisham,3.8,0708988431,1995,33599,45463,36358,8033,2215,125668,0,799,alcoholism,loyalty oaths,Suspense/Mystery
258,The Day of the Jackal,Frederick Forsyth,4.26,009955271X,1995,51404,41976,15258,2222,813,111673,60,416,Fiction,Literature,Suspense/Mystery
259,"Stone of Tears (Sword of Truth, #2)",Terry Goodkind,4.11,0312857063,1995,42255,36565,17084,4295,1944,102143,1378,703,Fiction,Richard Rahl (Fictitious character),Fantasy/Adventure
260,The Great Gatsby,F. Scott Fitzgerald,3.92,3425048503,1994,1275872,1207918,764253,242501,107437,3597981,1,136,"Married people, fiction",American fiction (fictional works by one author),Biography/Historical
261,"Slaughterhouse-Five, or The Children's Crusade",Kurt Vonnegut Jr.,4.08,0385312083,1994,460959,368191,182544,53936,28782,1094412,115,205,American science fiction,bombing of Dresden,Biography/Historical
262,The Picture Of Dorian Gray,Oscar Wilde,4.08,0140814388,1994,366305,336927,170118,40418,13766,927534,1,80,Appearance (Philosophy),Fiction,Biography/Historical
263,The Princess Bride,William Goldman,4.26,0345348036,1994,389788,223154,100459,24707,14793,752901,517,398,Castles,Fiction,Fantasy/Adventure
264,"Interview with the Vampire (The Vampire Chronicles, #1)",Anne Rice,3.99,,1994,174470,162541,98115,25946,8978,470050,121,368,,,Horror/Thriller
265,The Very Hungry Caterpillar,Eric Carle,4.3,0399226907,1994,215207,86892,51056,14162,8318,375635,262,13,Children's fiction,"Caterpillars, fiction",Humor/Family
266,"Voyager (Outlander, #3)",Diana Gabaldon,4.39,0440217563,1994,133581,76901,27200,3996,1246,242924,401,1059,Literatura norteamericana,Man-woman relationships,Romance
267,"Wizard's First Rule (Sword of Truth, #1)",Terry Goodkind,4.13,0312857055,1994,106916,65459,32210,11345,7896,223826,144,820,Fiction,Wizards,Fantasy/Adventure
268,Sophie's World: A Novel about the History of Philosophy,Jostein Gaarder,3.93,0374266425,1994,66360,67359,40752,12233,4947,191651,33,394,Didactic fiction,Ficción,Self-Help
269,The Exorcist,William Peter Blatty,4.17,0061007226,1994,78581,56232,28179,6155,2878,172025,3096,385,Fiction,Fiction in English,Horror/Thriller
270,Of Mice And Men,John Steinbeck,3.88,0749717106,1993,624569,672324,432943,131679,55168,1916683,13,107,contemporary fiction,literary fiction,Biography/Historical
271,"Frankenstein: Or, the Modern Prometheus 1823 (Revolution & Romanticism 1789-1834)",Mary Wollstonecraft Shelley,3.81,1854771175,1993,344592,393923,284190,88297,35434,1146436,0,280,Frankenstein (Fictitious character),Frankenstein's monster (Fictitious character),Horror/Thriller
272,Jurassic Park,Michael Crichton,4.03,0679430628,1993,299276,277033,153340,36679,16750,783078,4,461,dichogamy,corporate espionage,Fantasy/Adventure
273,Macbeth,William Shakespeare,3.9,,1993,214230,227573,153452,42352,13474,651081,49,96,,,Biography/Historical
274,The Lord of the Rings,J.R.R. Tolkien,4.5,0553472283,1993,353914,127062,43867,11161,5790,541794,3,0,The Lord of the Rings,Fiction,Fantasy/Adventure
275,"Along Came a Spider (Alex Cross, #1)",James Patterson,4.11,0316693642,1993,157386,142642,72015,13473,5764,391280,60,435,Mystery,Police psychologists,Suspense/Mystery
276,James And The Giant Peach,Roald Dahl,4.02,067085302X,1993,139974,131287,80552,16980,6450,375243,1,144,Christian Books,Roald Dahl,Fantasy/Adventure
277,Like Water for Chocolate,Laura Esquivel,3.95,0552995878,1993,112604,111666,66322,17447,9366,317405,5057,222,virginity,magical realism,Romance
278,"Preludes and Nocturnes (The Sandman, #1)",Neil Gaiman,4.24,1417651636,1993,106373,56662,24364,7288,6457,201144,6,233,Dream,Endless,Fantasy/Adventure
279,"Mistress of Magic (The Mists of Avalon, #1)",Marion Zimmer Bradley,4.12,1556908687,1993,84202,58908,31101,9112,4102,187425,4,14,,,Fantasy/Adventure
280,The Grapes of Wrath,John Steinbeck,3.97,0808514202,1992,296056,225447,130278,50209,29851,731841,119,619,Labor camps,Depressions,Biography/Historical
281,Alice's Adventures in Wonderland and Through the Looking-Glass,Lewis Carroll,4.06,0440407435,1992,178325,150606,89265,20458,6413,445067,25,448,adventure and adventurers,"adventure and adventurers, fiction",Fantasy/Adventure
282,El Perfume,Patrick Süskind,4.03,0140172912,1992,119397,108295,55207,17023,7453,307375,9,263,"Fiction, suspense","France, fiction",Horror/Thriller
283,The Name of the Rose,Umberto Eco,4.12,0749397055,1992,123443,98425,44784,12695,6001,285348,31,502,Novela de misterio,History,Suspense/Mystery
284,The Five Love Languages: How to Express Heartfelt Commitment to Your Mate,Gary Chapman,4.25,1881273156,1992,138663,87998,39102,8780,4011,278554,5693,204,Spouses,Love,Self-Help
285,Don Quixote de La Mancha,Miguel de Cervantes Saavedra,3.88,019282726X,1992,69784,64224,47233,15141,5832,202214,3,1120,"Don Quixote (Cervantes Saavedra, Miguel de)",Quotations,Fantasy/Adventure
286,The Prince Of Tides,Pat Conroy,4.24,0553404849,1992,92966,62987,27092,6154,2563,191762,2,672,Brothers and sisters,Fiction,Biography/Historical
287,The Autobiography of Malcolm X: As Told to Alex Haley,Malcolm X,4.32,0345376714,1992,104753,55056,21599,4978,4035,190421,104,527,Mahometanos negros,Black Muslims,Biography/Historical
288,The Plague,Albert Camus,4,0140180206,1992,53694,62739,32419,7609,2061,158522,9,252,Fiction,Plague,Biography/Historical
289,Twelfth Night,William Shakespeare,3.98,,1992,52462,56574,35102,7378,1767,153283,41,101,,,Biography/Historical
290,Madame Bovary,Gustave Flaubert,3.67,0679736360,1991,61149,80612,65297,23138,9335,239531,67,411,literary fiction,French literature,Biography/Historical
291,Go Ask Alice,Beatrice Sparks,3.76,0099416379,1991,72110,71538,58322,20834,9410,232214,31,176,homelessness,bad trips,Biography/Historical
292,"The Dragon Reborn (Wheel of Time, #3)",Robert Jordan,4.25,0312852487,1991,96732,73379,28178,5219,2030,205538,68,596,Fantasy fiction,"Fiction, fantasy, epic",Fantasy/Adventure
293,A Portrait Of The Artist As A Young Man,James Joyce,3.62,1857150090,1991,33034,40719,32085,13418,7562,126818,5,318,Fiction,Artists,Biography/Historical
294,The House On Mango Street,Sandra Cisneros,3.63,1931376344,1991,27695,39977,33040,11403,4866,116981,7,110,,,Biography/Historical
295,A Room of One's Own,Virginia Woolf,4.15,0151787336,1991,47416,40627,17617,4100,1496,111256,37,125,Authorship,Economic conditions,Novel/Feminism
296,"Roll of Thunder, Hear My Cry (Logans, #4)",Mildred D. Taylor,3.83,014034893X,1991,35098,35957,25928,8436,3490,108909,4383,288,Fiction,Juvenile fiction,Historical/Family
297,Stuart Little,E.B. White,3.89,0553455303,1991,36098,34419,27439,7010,1992,106958,18,2,Voyages and travels,Mice,Children's/Humor
298,Midnight's Children,Salman Rushdie,3.98,,1991,39033,33769,18569,6630,3078,101079,218,552,,,Magical Realism/Historical
299,The Witching Hour (Lives of the Mayfair Witches #1),Anne Rice,4.11,,1991,44373,30369,17128,5126,2067,99063,62,965,,,Fantasy/Horror
300,Animal Farm,George Orwell,3.94,0151072558,1990,948231,929513,533492,161830,82731,2655797,80,124,British and irish fiction (fictional works by one author),political satire,Political/Dystopian
301,The Seven Habits of Highly Effective People,Stephen R. Covey,4.11,0671708635,1990,214014,151459,79463,22306,12454,479696,237,368,Success- Psychological aspects,Character,Self-help/Management
302,"The Eye of the World (The Wheel of Time, #1)",Robert Jordan,4.18,0812511816,1990,174301,116835,51099,15168,8653,366056,9747,814,Fantasy fiction,Rand al'Thor (Fictitious character),Fantasy/Adventure
303,Island of the Blue Dolphins,Scott O'Dell,3.84,0395536804,1990,90973,92482,68758,20839,9001,282053,50,192,Fiction,Indians of North America,Historical/Adventure
304,Red Dragon,Thomas  Harris,4.03,0552121606,1990,94376,101659,52042,10104,4630,262811,18,356,Novel,psychiatrists,Thriller/Suspense
305,A Farewell To Arms,Ernest Hemingway,3.81,0736645284,1990,73884,95352,62038,19634,7467,258375,1,9,,,War/Romance
306,"2001: A Space Odyssey (Space Odyssey, #1)",Arthur C. Clarke,4.15,009979800X,1990,104105,89366,40881,8346,3423,246121,16,266,Human-computer interaction,Computers,Science fiction/Adventure
307,The World According to Garp,John Irving,4.08,034536676X,1990,78343,75625,34482,8434,3337,200221,268,609,National Book Award Winner,award:national_book_award=1980,Literary fiction/Humor
308,Around The World In Eighty Days,Jules Verne,3.93,059043053X,1990,54157,71593,45241,8150,1576,180717,6,240,Viajes alrededor del mundo,Translations into Gujarati,Adventure/Travel
309,Walden,Henry David Thoreau,3.78,0399221530,1990,50354,51107,36007,13675,7099,158242,3,32,Nature,Forests and forestry,Philosophy/Nature
310,Catch-22,Joseph Heller,3.98,0440204399,1989,283091,225218,127715,45935,25289,707248,21,463,Open Library Staff Picks,Fiction in English,Satirical/War
311,The Stranger,Albert Camus,3.98,0881032476,1989,238235,238962,132279,37436,14216,661128,394,123,Murder,Fiction,Existential/Philosophical
312,The Pillars of the Earth,Ken Follett,4.32,0930435524,1989,344781,183942,69806,20494,11566,630589,2,30,White Ship,The Anarchy,Historical/Fiction
313,The Colour of Magic,Terry Pratchett,3.99,086140324X,1989,108789,105979,64317,15274,5613,299972,66,205,Discworld (Imaginary place),Fiction,Fantasy/Humor
314,The Adventures of Sherlock Holmes,Arthur Conan Doyle,4.3,0812504240,1989,114494,85339,30583,3974,1443,235833,16,259,Classic Literature,Murder,Mystery/Suspense
315,"Clear and Present Danger (Jack Ryan, #5; Jack Ryan Universe, #6)",Tom Clancy,4.11,0399134409,1989,48046,51141,23657,3446,1206,127496,26,656,"Clark, john (fictitious character), fiction","Ryan, jack (fictitious character), fiction",Thriller/Adventure
316,"This Present Darkness (Darkness Set, #1)",Frank E. Peretti,4.22,1854240021,1989,47753,25292,12202,3755,2491,91493,2,508,Fiction,"Fiction, thrillers, suspense",Horror/Thriller
317,The Red Badge of Courage,Stephen Crane,3.24,0945260342,1989,12142,23643,30244,13881,6608,86518,2,120,Condensed books,Accessible book,Biography/Historical
318,Sybil: The Classic True Story of a Woman Possessed by Sixteen Personalities,Flora Rheta Schreiber,4,0446359408,1989,28945,28722,17939,3644,1272,80522,1269,481,Autobiography,"Cas, Études de",Biography/Historical
319,The Book of Ruth,Jane Hamilton,3.85,0385265700,1989,18125,24940,16277,3722,1374,64438,1231,328,Fiction,Mothers and daughters,Family/Humor
320,Secret Garden,Frances Hodgson Burnett,4.13,051763225X,1988,373698,301462,155993,32024,11892,875069,8,288,"Fiction, general","Friendship, fiction",Family/Humor
321,The Metamorphosis,Franz Kafka,3.81,0805204202,1988,181631,209115,137306,45156,21350,594558,2,0,Fantasy fiction,Children's fiction,Suspense/Mystery
322,The Silence of the Lambs,Thomas  Harris,4.2,0312195265,1988,212932,148423,62309,14414,11353,449431,64,338,lambs,black witch moth,Horror/Thriller
323,Fried Green Tomatoes at the Whistle Stop Cafe,Fannie Flagg,4.28,0070212570,1988,122934,93072,36006,5223,1580,258815,170,395,Race relations,Reminiscing in old age,Family/Humor
324,A Room with a View,E.M. Forster,3.91,0553213237,1988,46785,54219,34658,8704,2764,147130,180,204,British,British in fiction,Romance
325,The Witch of Blackbird Pond,Elizabeth George Speare,3.99,0440800749,1988,47058,46846,28087,6377,2511,130879,26,223,,,Adventure/Fantasy
326,Fantastic Mr. Fox,Roald Dahl,4.06,0140328726,1988,39450,35186,21634,4258,1061,101589,45,90,Animals,Hunger,Family/Humor
327,"The Road Less Travelled: A New Psychology of Love, Traditional Values and Spiritual Growth",M. Scott Peck,4.06,0712618198,1988,33177,27121,15570,3939,1660,81467,7,320,Self-actualization (Psychology),Interpersonal relations,Self-Help
328,The Bonfire of the Vanities,Tom Wolfe,3.86,0224024396,1988,19535,25585,15504,4450,1550,66624,7,659,Fiction,Traffic accidents,Suspense/Mystery
329,A Raisin In The Sun,Lorraine Hansberry,3.79,0451161378,1988,17740,23536,16931,5065,1438,64710,9,151,Drama,African American families,Family/Humor
330,Adventures of Huckleberry Finn,Mark Twain,3.82,0060467215,1987,343245,391794,284691,84399,31435,1135564,2,366,adventure and adventurers,Adventure stories,Adventure/Fantasy
331,The Secret Garden,Frances Hodgson Burnett,4.14,0681400560,1987,367641,297553,154016,31294,11343,861847,0,272,,,Family/Humor
332,Les Misérables,Victor Hugo,4.17,,1987,310386,189788,96065,28323,16658,641220,10495,1463,,,Romance
333,Green Eggs and Ham,Dr. Seuss,4.3,0394892208,1987,330838,148836,81305,19378,10585,590942,1,64,1960-1988,Dr. Seuss,Family/Humor
334,All Quiet on the Western Front,Erich Maria Remarque,3.97,0449213943,1987,129790,116326,67445,21024,9763,344348,7145,296,"World War, 1914-1918",Fiction,Biography/Historical
335,Blade Runner,Philip K. Dick,4.09,0345323882,1987,116903,132888,59251,11067,2663,322772,5,216,Androids,Fiction,Science Fiction/Thriller
336,Things Fall Apart,Chinua Achebe,3.67,0435905260,1987,67939,99363,74165,26086,10945,278498,18,150,20th century literature,Christianity,Biography/Historical
337,Stranger in a Strange Land,Robert A. Heinlein,3.92,0808520873,1987,104243,82433,52834,19088,11743,270341,3,438,Hugo Award Winner,award:hugo_award=1962,Science Fiction/Adventure
338,Beowulf,Unknown,3.45,0862993377,1987,48639,64657,70102,30808,14487,228693,4,137,Drama,"Epic poetry, English (Old)",Adventure/Fantasy
339,The Velveteen Rabbit,Margery Williams Bianco,4.3,0380002558,1987,114806,59176,29690,6312,3188,213172,2509,40,"Children's stories, American",Conejos,Family/Humor
340,The Catcher in the Rye,J.D. Salinger,3.8,0140012486,1986,895007,811642,555782,225755,133605,2621791,181,220,fictional works,Runaway teenagers,Suspense/Mystery
341,"Ender's Game (Ender's Saga, #1)",Orson Scott Card,4.3,0812513495,1986,586228,330094,128231,34224,19190,1097967,173,324,military education,end of the world,Science Fiction/Adventure
342,The Return of the King (The Lord of the Rings #3),J.R.R. Tolkien,4.53,0808520857,1986,427053,161695,51050,9575,3508,652881,11,512,Elves,Hobbits,Adventure/Fantasy
343,Mere Christianity,C.S. Lewis,4.33,0020869401,1986,163740,75169,31789,9049,6771,286518,29,175,Apologetics,Doctrinal Theology,Self-Help
344,A Streetcar Named Desire and Other Plays,Tennessee Williams,3.98,014018385X,1986,91604,92773,55172,13780,4365,257694,5,313,Drama,Married people,Family/Humor
345,The Life and Adventures of Robinson Crusoe,Daniel Defoe,3.68,0517626322,1986,61027,84931,72123,22530,8120,248731,0,394,,,Adventure/Fantasy
346,The House of the Spirits,Isabel Allende,4.23,0816139946,1986,86612,65462,26334,5634,1790,185832,4,648,Chilean literature,Translations into English,Fantasy/Romance
347,"Are You There God? It's Me, Margaret",Judy Blume,3.9,,1986,60176,61951,44344,10840,3868,181179,345,149,,,Family/Humor
348,"The Bourne Supremacy (Jason Bourne, #2)",Robert Ludlum,4.11,0394543963,1986,65045,65683,30069,5391,2024,168212,37,597,Jason Bourne (Fictitious character),Terrorists,Thriller/Adventure
349,Batman: The Dark Knight Returns,Frank Miller,4.26,0446385050,1986,82044,46462,20087,5528,3507,157628,16,140,Graphic novels,"Comic books, strips",Adventure/Fantasy
350,The picture of Dorian Gray,K.R. Cripwell,4.08,0003701646,1985,370199,340157,171485,40756,13889,936486,1,48,Appearance (Philosophy),Fiction,Suspense/Mystery
351,The Polar Express,Chris Van Allsburg,4.3,0862641438,1985,117678,50664,28144,7657,3710,207853,16,32,San Nicolás,nochebuena,Family/Humor
352,Lonesome Dove,Larry McMurtry,4.49,0671504207,1985,91326,35013,12210,2570,1348,142467,127,843,fiction,western cattle drives,Biography/Historical
353,"So Long, and Thanks for All the Fish",Douglas Adams,4.09,0671525808,1985,54255,50051,27808,5448,820,138382,30,204,Trilogy of Four,fantasy fiction,Science Fiction/Humor
354,Blood Meridian: Or the Evening Redness in the West,Cormac McCarthy,4.17,039454482X,1985,52330,29232,14679,5986,2561,104788,12,337,Fiction,Glanton Gang,Biography/Historical
355,The Indian in the Cupboard,Lynne Reid Banks,3.92,0385170513,1985,31770,33283,24016,5257,1749,96075,52,181,Magic,Indians of North America,Family/Humor
356,"Sarah, Plain and Tall (Sarah, Plain and Tall, #1)",Patricia MacLachlan,3.78,0060241012,1985,20903,23650,20483,5718,1724,72478,58,58,Juvenile literature,Stepmothers,Family/Humor
357,Jitterbug Perfume,Tom Robbins,4.25,0553251481,1985,32195,20635,9075,2230,876,65011,24,388,,,Fantasy/Humor
358,"When the Bough Breaks (Alex Delaware, #1)",Jonathan Kellerman,4.03,0689115199,1985,20429,23140,12492,1899,734,58694,7,293,Johathan Kellerman,Series,Thriller/Mystery
359,Dandelion Wine,Ray Bradbury,4.09,060600520X,1985,22997,17289,9721,2727,1078,53812,0,239,,,Family/Humor
360,The Wonderful Wizard of Oz,L. Frank Baum,3.99,0451518640,1984,130411,121352,80790,17419,6140,356112,8,219,Witches,Toy and movable books,Adventure/Fantasy
361,"The Hunt for Red October (Jack Ryan Universe, #4)",Tom Clancy,4.07,0870212850,1984,137505,111396,55079,14745,9966,328691,100,387,Fiction,Thriller,Thriller/Adventure
362,The Neverending Story,Michael Ende,4.18,0140074317,1984,73190,49319,25945,5922,2221,156597,73,377,Imaginary Voyages,Bien y mal,Adventure/Fantasy
363,"The Valley of Horses (Earth's Children, #2)",Jean M. Auel,4,0340329645,1984,26421,26663,15921,3733,920,73658,20,588,Ayla (Fictitious character),Glacial epoch,Adventure/Fantasy
364,Still Life with  Woodpecker,Tom Robbins,4.04,0553270931,1984,26081,26003,13138,3189,1155,69566,18,277,Fiction,Anarchists,Fantasy/Humor
365,You Can Heal Your Life,Louise L. Hay,4.16,8176210773,1984,30033,16794,9688,2634,1725,60874,1287,253,Change (Psychology),Self-actualization (Psychology),Self-Help
366,The Red and the Black,Stendhal,3.88,039460511X,1984,17688,18720,12449,3801,1412,54070,0,630,Fiction,Young men,Biography/Historical
367,"Raise High the Roof Beam, Carpenters and Seymour: An Introduction",J.D. Salinger,4.12,0553262556,1984,18357,16366,8559,1658,416,45356,11,224,Families in Fiction,Manners and customs in fiction,Suspense/Mystery
368,The Price of Salt,Claire  Morgan,3.97,0930044495,1984,14854,15797,8992,2359,772,42774,3,276,Fiction,Lesbians,Romance
369,"The Black Company (The Chronicles of the Black Company, #1)",Glen Cook,3.94,0812533704,1984,13467,14369,7865,2338,1152,39191,24,319,Dark Fantasy,High Fantasy,Fantasy/Adventure
370,Fiesta,Ernest Hemingway,3.82,8402094163,1983,111262,125690,84462,28901,11482,361797,3,186,American Manuscripts,Fiction in English,Biography/Historical
371,The Godfather,Mario Puzo,4.37,,1983,175816,96757,34000,7141,3852,317566,283,444,,,Suspense/Mystery
372,The Tell-Tale Heart & Other Writings (Bantam Classics),Edgar Allan Poe,4.17,0613366964,1983,94763,77488,36106,6824,2585,217766,14,415,busts,narrative poetry,Horror/Suspense
373,The Silmarillion,J.R.R. Tolkien,3.93,0395346460,1983,80708,62634,45042,16321,6063,210768,13,365,Fantasy fiction,Short stories,Adventure/Fantasy
374,The Penguin Complete Sherlock Holmes,Arthur Conan Doyle,4.51,0140056947,1983,102218,47510,12712,1626,819,164885,14,1126,Action & Adventure Fiction,Adventure stories,Mystery/Suspense
375,"Brown Bear, Brown Bear, What Do You See?",Bill Martin Jr.,4.21,0805002014,1983,77785,35665,24610,6822,2721,147603,22,32,Fiction,Children's Books/Baby-Preschool,Family/Humor
376,The Tao of Pooh,Benjamin Hoff,4,0140067477,1983,36206,32967,19923,5012,1943,96051,416,158,criticism,interpretation,Self-Help
377,"The Elfstones of Shannara (Shannara, #2)",Terry Brooks,3.95,,1983,23082,24175,14524,3792,1360,66933,3,576,,,Adventure/Fantasy
378,Who's Afraid of Virginia Woolf?,Edward Albee,4.08,0451158717,1983,24214,19583,10859,2796,976,58428,81,257,Plays,American drama,Family/Humor
379,The Odessa File,Frederick Forsyth,4.11,0553199862,1983,19171,22140,10009,1152,293,52765,1,334,,,Thriller/Adventure
380,"The Restaurant at the End of the Universe (Hitchhiker's Guide, #2)",Douglas Adams,4.22,0671701606,1982,96357,85595,34416,4995,1061,222424,8,250,Fiction,Humorous fiction,Science Fiction/Humor
381,"Cloudy With a Chance of Meatballs (Cloudy with a Chance of Meatballs, #1)",Judi Barrett,4.16,0689707495,1982,60711,35294,22742,5502,2180,126429,2053,32,Food,Juvenile fiction,Family/Humor
382,Helter Skelter,Vincent Bugliosi,4.04,0553278290,1982,44356,44657,25152,4894,1604,120663,4,676,Murder,Meurtre,Biography/Historical
383,A Connecticut Yankee in King Arthur's Court,Mark Twain,3.77,0393951375,1982,24366,33906,25178,6637,2236,92323,8,455,Time travel,Fiction,Adventure/Fantasy
384,Brideshead Revisited,Evelyn Waugh,4,0316926345,1982,33211,32328,18108,4878,1793,90318,3127,351,Catholics,Family,Biography/Historical
385,"Narrative of the Life of Frederick Douglass, an American Slave",Frederick Douglass,4.03,014039012X,1982,35632,29157,16612,4652,2482,88535,76,160,African American abolitionists,Abolitionists,Biography/Historical
386,The Electric Kool-Aid Acid Test,Tom Wolfe,3.92,0553264915,1982,21526,25266,15440,3878,1266,67376,40,384,Drug addiction,Travel,Non-fiction
387,Jude The Obscure,Thomas Hardy,3.82,0553210238,1982,19469,20710,13244,4758,2502,60683,3,443,Social life and customs,Death,Fiction
388,"North and South (North and South, #1)",John Jakes,4.2,0151669988,1982,25315,19058,9158,1652,519,55702,29,740,Causes,Fiction,Fiction
389,Camera Lucida: Reflections On Photography,Roland Barthes,3.97,0224029290,1982,17608,11889,8245,2797,1637,42176,0,128,Photography,Philosophy,Non-fiction
390,1984,George Orwell,4.19,0451516265,1981,1477753,1027931,454510,122174,64784,3147152,3,267,futurology,censorship,Fiction
391,How to Win Friends and Influence People,Dale Carnegie,4.2,067142517X,1981,277548,166859,82725,22396,12349,561877,79,299,Relationships,Influence,Self-Help
392,A Light in the Attic,Shel Silverstein,4.35,0060256737,1981,204407,97217,44690,9537,5169,361020,155,175,Humorous poetry,Juvenile literature,Humor/Family
393,Gullivers Travels,Marie Stuart,3.57,,1981,46243,74459,75588,23356,7075,226721,2,52,,,Fiction
394,The Wind in the Willows,Kenneth Grahame,3.99,0448110288,1981,63288,57483,37177,8827,3469,170244,0,226,Children's fiction,"Animals, fiction",Humor/Family
395,The Rise and Fall of the Third Reich,William L. Shirer,4.17,0671428136,1981,43759,31129,14955,3232,2005,95080,3,1245,National Book Award Winner,Third Reich,Non-fiction/Historical
396,Sons and Lovers,D.H. Lawrence,3.63,0140431543,1981,10523,16131,13673,4511,1673,46511,7,504,"England, fiction",British and irish fiction (fictional works by one author),Fiction
397,Leviathan,Thomas Hobbes,3.7,0140431950,1981,9169,12097,10514,3216,1041,36037,494,736,Political science,The State,Philosophy
398,Betty Crocker's Cookbook,Betty Crocker,4.26,0307098222,1981,18349,9344,5419,1103,539,34754,223,575,,,Cookbook
399,Shock of the New,Robert Hughes,3.71,0394513789,1981,10965,7855,6004,2886,2722,30432,5,423,"Architecture, Modern","Art, Modern",Non-fiction
400,Cosmos,Carl Sagan,4.37,0394715969,1980,64751,30299,11711,2861,2085,111707,10,384,Ouvrages de vulgarisation,Astronomie,Non-fiction
401,Jungle Book,Rudyard Kipling,3.92,0517543249,1980,34753,35573,26136,5810,1605,103877,0,128,Juvenile fiction,Mowgli (Fictitious character),Fiction
402,Sonnets,William Shakespeare,4.25,0300024959,1980,41378,24928,12041,2454,1285,82086,3,603,English Sonnets,History and criticism,Poetry/Novel
403,The Book of Three (The Chronicles of Prydain #1),Lloyd Alexander,3.99,0440907020,1980,24135,25890,14980,2860,1316,69181,43,219,Fantasy,Juvenile fiction,Fantasy/Adventure
404,Sula,Toni Morrison,3.94,0701124237,1980,18659,23298,13495,3002,931,59385,0,174,Fiction,African American women,Fiction
405,The Bloody Chamber,Angela Carter,3.98,0060107081,1980,12930,13519,7453,2077,634,36613,23,164,"Fiction, mystery & detective, general","Fiction, short stories (single author)",Fiction
406,Suffer the Children,John Saul,3.91,0340226870,1980,9993,9265,7189,1690,655,28792,3,320,,,Horror/Thriller
407,Discourse on Method & Meditations on First Philosophy,René Descartes,3.72,0915144840,1980,6989,8688,7407,2285,797,26166,1,100,Methodology,Science,Philosophy
408,More Than a Carpenter,Josh McDowell,4.22,0842345523,1980,12433,7401,3869,876,407,24986,424,128,Person and offices,Apologetics,Self-Help
409,Adam Bede,George Eliot,3.79,0140431217,1980,6384,8142,5668,1657,717,22568,57,608,Fiction,England in fiction,Fiction